{
	 "rootnode": {
		 "name": "cube.obj"
		,"transformation": [
			 1
			,0
			,0
			,0
			,0
			,1
			,0
			,0
			,0
			,0
			,1
			,0
			,0
			,0
			,0
			,1
		]
		,"children": [
			{
				 "name": "Cube.001"
				,"transformation": [
					 1
					,0
					,0
					,0
					,0
					,1
					,0
					,0
					,0
					,0
					,1
					,0
					,0
					,0
					,0
					,1
				]
				,"meshes": [
					 0
				]
			}
		]
	}
	,"flags": 8
	,"meshes": [
		{
			 "name": ""
			,"materialindex": 1
			,"primitivetypes": 4
			,"vertices": [
				 1
				,1
				,-1
				,1
				,1
				,1
				,1
				,-1
				,1
				,-1
				,1
				,-1
				,1
				,-1
				,-1
				,-1
				,-1
				,-1
				,1
				,1
				,-1
				,1
				,1
				,1
				,-1
				,1
				,1
				,-1
				,-1
				,1
				,-1
				,1
				,1
				,-1
				,1
				,-1
				,-1
				,-1
				,-1
				,-1
				,1
				,-1
				,-1
				,1
				,1
				,1
				,1
				,1
				,1
				,-1
				,-1
				,1
				,-1
				,1
				,-1
				,-1
				,1
				,1
				,1
				,-1
				,1
				,-1
				,-1
				,-1
				,-1
				,1
				,-1
				,-1
				,-1
				,1
				,-1
				,1
			]
			,"normals": [
				 0.5774
				,0.5774
				,-0.5773
				,0.5774
				,0.5774
				,0.5773
				,0.5774
				,-0.5773
				,0.5774
				,-0.5773
				,0.5774
				,-0.5774
				,0.5774
				,-0.5773
				,-0.5774
				,-0.5774
				,-0.5773
				,-0.5774
				,0.5773
				,0.5774
				,-0.5774
				,0.5773
				,0.5774
				,0.5774
				,-0.5773
				,0.5774
				,0.5774
				,-0.5774
				,-0.5773
				,0.5774
				,-0.5774
				,0.5774
				,0.5773
				,-0.5774
				,0.5773
				,-0.5774
				,-0.5774
				,-0.5773
				,-0.5774
				,-0.5773
				,0.5774
				,-0.5774
				,-0.5773
				,0.5774
				,0.5774
				,0.5774
				,0.5774
				,0.5773
				,0.5774
				,-0.5773
				,-0.5774
				,0.5774
				,-0.5773
				,0.5774
				,-0.5774
				,-0.5773
				,0.5774
				,0.5773
				,0.5774
				,-0.5774
				,0.5774
				,-0.5774
				,-0.5773
				,-0.5774
				,-0.5774
				,0.5773
				,-0.5773
				,-0.5774
				,-0.5774
				,0.5773
				,-0.5774
				,0.5774
			]
			,"tangents": [
				 -0.408224
				,-0.408224
				,-0.816521
				,0.408224
				,0.408224
				,-0.816521
				,0.40833
				,-0.40826
				,-0.81645
				,-0.40826
				,-0.81645
				,-0.40833
				,-0.408224
				,-0.81652
				,0.408224
				,0.408224
				,-0.816521
				,0.408224
				,0.40826
				,-0.81645
				,-0.40833
				,0.81652
				,-0.408224
				,-0.408224
				,0.816521
				,0.408224
				,0.408224
				,0.81645
				,-0.40826
				,0.40833
				,0.408224
				,-0.408224
				,0.816521
				,-0.40833
				,0.40826
				,0.81645
				,-0.40833
				,-0.40826
				,0.81645
				,-0.40826
				,0.40833
				,0.81645
				,0.40826
				,-0.40833
				,0.81645
				,-0.408224
				,-0.408224
				,0.816521
				,-0.40833
				,0.40826
				,-0.81645
				,0.81645
				,0.40826
				,-0.40833
				,0.40833
				,0.40826
				,0.81645
				,0.40826
				,0.40833
				,0.81645
				,-0.408224
				,0.408224
				,-0.816521
				,-0.408224
				,-0.408224
				,-0.816521
				,0.40826
				,0.40833
				,-0.81645
				,0.40826
				,-0.40833
				,-0.81645
			]
			,"bitangents": [
				 0.40833
				,-0.81645
				,-0.40826
				,0.40833
				,-0.81645
				,0.40826
				,-0.408224
				,-0.81652
				,-0.408224
				,0.81652
				,0.408224
				,-0.408224
				,0.81645
				,0.40826
				,0.40833
				,0.81645
				,-0.40826
				,-0.40833
				,0.816521
				,-0.408224
				,0.408224
				,0.40826
				,-0.81645
				,0.40833
				,-0.40826
				,-0.81645
				,0.40833
				,0.408224
				,-0.81652
				,-0.408224
				,-0.40833
				,-0.81645
				,0.40826
				,-0.408224
				,-0.816521
				,-0.408224
				,0.408224
				,-0.81652
				,0.408224
				,-0.81652
				,-0.408224
				,0.408224
				,-0.816521
				,-0.408224
				,-0.408224
				,-0.81645
				,0.40833
				,0.40826
				,-0.408224
				,-0.816521
				,0.408224
				,-0.408224
				,-0.816521
				,-0.408224
				,0.408224
				,-0.816521
				,-0.408224
				,-0.816521
				,0.408224
				,-0.408224
				,-0.81645
				,-0.40833
				,-0.40826
				,-0.81645
				,0.40833
				,-0.40826
				,-0.816521
				,0.408224
				,0.408224
				,-0.816521
				,-0.408224
				,0.408224
			]
			,"numuvcomponents": [
				 2
			]
			,"texturecoords": [
				[
					 0.9999
					,0.9999
					,0.0001
					,0.9999
					,0.0001
					,0.0001
					,0.0001
					,0.9999
					,0.9999
					,0.0001
					,0.9999
					,0.9999
					,0.0001
					,0.0001
					,0.9999
					,0.9999
					,0.0001
					,0.9999
					,0.0001
					,0.0001
					,0.9999
					,0.9999
					,0.0001
					,0.9999
					,0.0001
					,0.0001
					,0.0001
					,0.0001
					,0.9999
					,0.0001
					,0.9999
					,0.9999
					,0.9999
					,0.0001
					,0.9999
					,0.0001
					,0.9999
					,0.0001
					,0.0001
					,0.9999
					,0.9999
					,0.9999
					,0.0001
					,0.0001
					,0.9999
					,0.0001
					,0.0001
					,0.9999
				]
			]
			,"faces": [
				[
					 0
					,1
					,2
				]
				,[
					 0
					,2
					,16
				]
				,[
					 3
					,4
					,5
				]
				,[
					 3
					,6
					,4
				]
				,[
					 7
					,8
					,9
				]
				,[
					 7
					,9
					,17
				]
				,[
					 10
					,11
					,12
				]
				,[
					 10
					,12
					,18
				]
				,[
					 13
					,14
					,15
				]
				,[
					 13
					,15
					,19
				]
				,[
					 20
					,21
					,22
				]
				,[
					 20
					,23
					,21
				]
			]
		}
	]
	,"materials": [
		{
			 "properties": [
				{
					 "key": "?mat.name"
					,"semantic": 0
					,"index": 0
					,"type": 3
					,"value": "DefaultMaterial"
				}
				,{
					 "key": "$mat.shadingm"
					,"semantic": 0
					,"index": 0
					,"type": 4
					,"value": 2
				}
				,{
					 "key": "$clr.ambient"
					,"semantic": 0
					,"index": 0
					,"type": 1
					,"value": [
						 0
						,0
						,0
					]
				}
				,{
					 "key": "$clr.diffuse"
					,"semantic": 0
					,"index": 0
					,"type": 1
					,"value": [
						 0.6
						,0.6
						,0.6
					]
				}
				,{
					 "key": "$clr.specular"
					,"semantic": 0
					,"index": 0
					,"type": 1
					,"value": [
						 0
						,0
						,0
					]
				}
				,{
					 "key": "$mat.shininess"
					,"semantic": 0
					,"index": 0
					,"type": 1
					,"value": 0
				}
				,{
					 "key": "$mat.opacity"
					,"semantic": 0
					,"index": 0
					,"type": 1
					,"value": 1
				}
				,{
					 "key": "$mat.refracti"
					,"semantic": 0
					,"index": 0
					,"type": 1
					,"value": 1
				}
			]
		}
		,{
			 "properties": [
				{
					 "key": "?mat.name"
					,"semantic": 0
					,"index": 0
					,"type": 3
					,"value": "Main"
				}
				,{
					 "key": "$mat.shadingm"
					,"semantic": 0
					,"index": 0
					,"type": 4
					,"value": 3
				}
				,{
					 "key": "$clr.ambient"
					,"semantic": 0
					,"index": 0
					,"type": 1
					,"value": [
						 1
						,1
						,1
					]
				}
				,{
					 "key": "$clr.diffuse"
					,"semantic": 0
					,"index": 0
					,"type": 1
					,"value": [
						 0.8
						,0.8
						,0.8
					]
				}
				,{
					 "key": "$clr.specular"
					,"semantic": 0
					,"index": 0
					,"type": 1
					,"value": [
						 0.5
						,0.5
						,0.5
					]
				}
				,{
					 "key": "$mat.shininess"
					,"semantic": 0
					,"index": 0
					,"type": 1
					,"value": 1000
				}
				,{
					 "key": "$mat.opacity"
					,"semantic": 0
					,"index": 0
					,"type": 1
					,"value": 1
				}
				,{
					 "key": "$mat.refracti"
					,"semantic": 0
					,"index": 0
					,"type": 1
					,"value": 1.45
				}
			]
		}
	]
}
